{"cameraMode":{"drawMode":0,"name":"Shaded","section":"Shading Mode"},"sceneLighting":true,"audioPlay":false,"sceneViewState":{"m_AlwaysRefresh":false,"showFog":true,"showSkybox":true,"showFlares":true,"showImageEffects":true,"showParticleSystems":true,"showVisualEffectGraphs":true,"m_FxEnabled":true},"in2DMode":false,"pivot":{"x":-420.7475891113281,"y":2.8187990188598635,"z":-123.13097381591797},"rotation":{"x":-0.13042336702346803,"y":0.01607065461575985,"z":-0.0020537571981549265,"w":-0.991389811038971},"size":2.4685258865356447,"orthographic":false}