{"cameraMode":{"drawMode":0,"name":"Shaded","section":"Shading Mode"},"sceneLighting":true,"audioPlay":false,"sceneViewState":{"m_AlwaysRefresh":false,"showFog":true,"showSkybox":true,"showFlares":true,"showImageEffects":true,"showParticleSystems":true,"showVisualEffectGraphs":true,"m_FxEnabled":true},"in2DMode":false,"pivot":{"x":-427.5279541015625,"y":10.040321350097657,"z":-89.01416778564453},"rotation":{"x":0.007377436384558678,"y":0.9883309602737427,"z":-0.1436234712600708,"w":0.05138716846704483},"size":2.4685258865356447,"orthographic":false}