{"cameraMode":{"drawMode":0,"name":"Shaded","section":"Shading Mode"},"sceneLighting":true,"audioPlay":false,"sceneViewState":{"m_AlwaysRefresh":false,"showFog":true,"showSkybox":true,"showFlares":true,"showImageEffects":true,"showParticleSystems":true,"showVisualEffectGraphs":true,"m_FxEnabled":true},"in2DMode":false,"pivot":{"x":-433.37548828125,"y":6.217883110046387,"z":-108.92740631103516},"rotation":{"x":-0.004749432671815157,"y":0.9878708124160767,"z":-0.15264004468917848,"w":-0.030191753059625627},"size":3.4030532836914064,"orthographic":false}