{"cameraMode":{"drawMode":0,"name":"Shaded","section":"Shading Mode"},"sceneLighting":false,"audioPlay":false,"sceneViewState":{"m_AlwaysRefresh":false,"showFog":true,"showSkybox":false,"showFlares":true,"showImageEffects":true,"showParticleSystems":true,"showVisualEffectGraphs":true,"m_FxEnabled":true},"in2DMode":false,"pivot":{"x":-3.3065338134765627,"y":-1.6905851364135743,"z":0.5607860088348389},"rotation":{"x":0.38643112778663638,"y":0.5769441723823547,"z":-0.3567560911178589,"w":0.6249260306358337},"size":11.516552925109864,"orthographic":false}